City ID,City,Country,Latitude,Longitude,Temperature,Humidity,Clouds,Wind Speed
3939761,Hualmay,PE,-11.0964,-77.6139,71.35,80,100,10.45
2017155,Saskylakh,RU,71.9167,114.0833,-31.54,100,6,2.04
2129766,Kamiiso,JP,41.8167,140.65,32.38,86,75,29.93
3883457,Lebu,CL,-37.6167,-73.65,56.91,90,0,7.52
2110227,Butaritari,KI,3.0707,172.7902,82.13,75,54,15.97
3874787,Punta Arenas,CL,-53.15,-70.9167,42.91,70,40,24.16
1015776,Bredasdorp,ZA,-34.5322,20.0403,69.12,83,100,8.05
2156643,Mount Gambier,AU,-37.8333,140.7667,69.76,45,100,3.69
2181997,Takaka,NZ,-40.85,172.8,73.56,49,0,5.3
6201424,Mataura,NZ,-46.1927,168.8643,56.48,43,20,5.64
2527087,Tiznit Province,MA,29.5833,-9.5,57.88,43,48,6.93
4111382,Forrest City,US,35.0081,-90.7898,48.06,62,7,9.15
2075265,Busselton,AU,-33.65,115.3333,79.05,52,0,10.74
2126123,Chokurdakh,RU,70.6333,147.9167,-34.15,100,53,3.71
3520994,Puerto Escondido,MX,15.85,-97.0667,81.43,74,0,4.61
2381334,Atar,MR,20.5169,-13.0499,66.22,21,96,9.42
4030556,Rikitea,PF,-23.1203,-134.9692,78.62,67,53,10.92
4032243,Vaini,TO,-21.2,-175.2,80.83,70,9,12.66
64013,Bosaso,SO,11.2842,49.1816,69.67,66,6,2.44
667303,Sfântu Gheorghe,RO,45.8667,25.7833,28.65,89,9,2.04
1735106,George Town,MY,5.4112,100.3354,78.96,87,20,0.0
3833367,Ushuaia,AR,-54.8,-68.3,40.66,75,40,28.77
2063036,Port Lincoln,AU,-34.7333,135.8667,66.97,84,97,3.18
3097367,Jawor,PL,51.0513,16.1935,39.81,83,2,9.62
2126199,Cherskiy,RU,68.75,161.3,-28.64,99,96,4.12
2155415,New Norfolk,AU,-42.7826,147.0587,75.27,44,93,3.76
3932145,Pisco,PE,-13.7,-76.2167,69.85,78,20,18.41
5282297,Bethel,US,41.3712,-73.414,21.31,55,0,3.0
2074865,Carnarvon,AU,-24.8667,113.6333,93.27,33,0,17.27
102651,Şabyā,SA,17.1495,42.6254,76.62,79,0,5.23
3466165,Cidreira,BR,-30.1811,-50.2056,70.88,81,0,7.07
4020109,Atuona,PF,-9.8,-139.0333,77.79,76,5,12.73
3366880,Hermanus,ZA,-34.4187,19.2345,66.79,84,100,9.93
1787144,Yanliang,CN,34.6592,109.2292,34.79,65,40,12.35
3652764,Puerto Ayora,EC,-0.7393,-90.3518,77.56,91,95,5.99
1529376,Korla,CN,41.7597,86.1469,29.32,51,96,6.22
1644932,Ende,ID,-8.8432,121.6623,83.82,70,100,2.59
610864,Khani,GE,41.9563,42.9566,22.57,84,20,6.17
481548,Troitsko-Pechorsk,RU,62.7084,56.1964,19.02,96,100,2.84
3463762,Estrela,BR,-28.0611,-50.9383,59.22,64,0,4.5
780687,Berlevåg,NO,70.8578,29.0864,31.15,67,100,18.19
2961123,Tralee,IE,52.2704,-9.7026,53.73,92,100,22.97
2191562,Dunedin,NZ,-45.8742,170.5036,60.8,56,100,8.01
3369157,Cape Town,ZA,-33.9258,18.4232,68.97,78,75,11.5
2163355,Hobart,AU,-42.8794,147.3294,76.06,59,75,6.91
3985710,Cabo San Lucas,MX,22.8909,-109.9124,78.28,39,0,12.66
3838859,Río Gallegos,AR,-51.6226,-69.2181,48.25,43,40,24.16
5106841,Albany,US,42.6001,-73.9662,18.34,69,15,1.01
1529660,Aksu,CN,41.1231,80.2644,27.99,44,5,5.55
935215,Saint-Philippe,RE,-21.3585,55.7679,78.39,81,73,8.12
1507390,Dikson,RU,73.5069,80.5464,-18.58,91,89,4.72
5134693,Rye,US,40.9807,-73.6837,25.77,53,0,1.01
371745,Kutum,SD,14.2,24.6667,58.59,19,99,8.97
6111696,Port-Cartier,CA,50.0334,-66.8654,2.71,74,9,12.08
2206939,Bluff,NZ,-46.6,168.3333,56.8,54,0,5.5
2155562,Nelson Bay,AU,-32.7167,152.15,80.26,57,9,3.0
3430443,Necochea,AR,-38.5473,-58.7368,73.04,58,0,10.42
1499428,Mamontovo,RU,52.7055,81.6244,6.67,94,100,14.58
3171148,Pescia,IT,43.897,10.6904,41.29,93,21,8.99
6453316,Tromsø,NO,69.6496,18.957,15.76,92,20,0.0
2208248,Kaitangata,NZ,-46.2817,169.8464,61.93,51,19,8.55
3416888,Grindavik,IS,63.8424,-22.4338,30.67,86,75,16.11
1488903,Turukhansk,RU,65.8167,87.9833,-17.28,85,1,8.86
3386213,Touros,BR,-5.1989,-35.4608,81.5,74,6,12.95
3430863,Mar del Plata,AR,-38.0023,-57.5575,80.62,54,0,11.5
5591778,Eagle,US,43.6954,-116.354,41.74,62,0,19.57
3408343,Acopiara,BR,-6.0953,-39.4525,75.49,64,22,4.85
6170031,Tuktoyaktuk,CA,69.4541,-133.0374,-29.2,68,40,8.05
1489822,Tegul'det,RU,57.3064,88.1667,12.27,93,99,7.9
6113406,Prince Rupert,CA,54.3161,-130.3201,37.49,100,100,13.8
5546220,Saint George,US,37.1041,-113.5841,61.59,17,0,13.8
3860443,Comodoro Rivadavia,AR,-45.8667,-67.5,69.66,26,40,24.16
2311968,Nioki,CD,-2.7167,17.6833,72.16,89,100,2.15
5948844,Englehart,CA,47.8169,-79.8664,-1.64,71,75,4.61
3461425,Ilhabela,BR,-23.7781,-45.3581,75.36,82,42,3.94
1624041,Ternate,ID,0.8,127.4,82.15,77,44,4.14
1215502,Banda Aceh,ID,5.5577,95.3222,78.82,79,93,3.2
1526038,Atbasar,KZ,51.8,68.3333,-0.47,99,100,8.68
2022572,Khatanga,RU,71.9667,102.5,-25.37,100,92,5.41
5122534,Jamestown,US,42.097,-79.2353,19.33,58,40,4.61
1852357,Shimoda,JP,34.6667,138.95,47.1,56,1,26.91
2016307,Solnechnyy,RU,50.7214,136.6319,5.11,82,39,7.74
6540819,Siderno,IT,38.2779,16.302,47.71,85,100,11.36
3444176,Roboré,BO,-18.3333,-59.75,78.89,64,14,3.24
1259385,Port Blair,IN,11.6667,92.75,78.84,89,75,3.44
546105,Nikolskoye,RU,59.7035,30.7861,36.28,99,100,10.92
3372707,Ribeira Grande,PT,38.5167,-28.7,62.02,88,100,17.34
3441702,Melo,UY,-32.3667,-54.1833,68.22,56,0,9.04
5354943,Half Moon Bay,US,37.4636,-122.4286,56.86,58,0,18.41
1159362,Torbat-e Jām,IR,35.244,60.6225,34.21,67,1,5.12
3466704,Castro,BR,-24.7911,-50.0119,62.92,98,9,6.67
5855927,Hilo,US,19.7297,-155.09,76.6,69,40,10.36
1253694,Uri,IN,34.0833,74.0333,40.33,78,11,3.89
6185377,Yellowknife,CA,62.456,-114.3525,-23.28,69,20,9.22
3831208,Qaanaaq,GL,77.484,-69.3632,-16.96,91,100,4.41
5880054,Barrow,US,71.2906,-156.7887,-25.58,68,0,8.05
1492948,Saryg-Sep,RU,51.5,95.6,-4.76,99,100,0.85
3372783,Ponta Delgada,PT,37.7333,-25.6667,61.52,82,75,12.66
2454268,Koutiala,ML,12.3917,-5.4642,74.89,15,12,11.41
2168305,Dubbo,AU,-32.25,148.6167,82.53,42,0,8.05
1847947,Shingū,JP,33.7333,135.9833,41.92,49,0,14.81
3883167,Linares,CL,-35.85,-71.6,61.84,63,0,4.41
1299154,Prome,MM,18.8167,95.2167,71.98,48,7,1.95
2423126,Beyla,GN,8.6833,-8.6333,72.52,21,5,2.89
1921372,Dalianwan,CN,39.0286,121.695,17.64,49,75,6.71
2729907,Longyearbyen,SJ,78.2186,15.6401,17.44,86,75,3.44
2094342,Kavieng,PG,-2.5744,150.7967,82.85,71,100,5.57
3347019,Mossamedes,AO,-15.1961,12.1522,76.19,76,98,6.38
4035715,Avarua,CK,-21.2078,-159.775,78.85,83,75,8.05
1517323,Zhanakorgan,KZ,43.9098,67.2495,24.76,72,1,7.83
3893629,Coquimbo,CL,-29.9533,-71.3436,64.13,77,0,10.36
1819729,Hong Kong,HK,22.2855,114.1577,63.03,76,97,15.99
3372964,Lagoa,PT,39.05,-27.9833,60.75,88,100,22.06
3421765,Nanortalik,GL,60.1432,-45.2371,9.91,64,54,33.87
2312888,Mbanza-Ngungu,CD,-5.25,14.8667,68.76,96,100,3.56
2127202,Anadyr,RU,64.75,177.4833,-28.7,68,20,11.18
2015179,Tommot,RU,58.9564,126.2925,-26.18,99,95,1.01
2013279,Vostok,RU,46.4856,135.8833,12.67,81,100,4.14
3925212,Cacoal,BR,-11.4386,-61.4472,72.28,98,83,3.65
1490796,Strezhevoy,RU,60.7333,77.5889,-20.22,100,100,1.45
5848280,Kapaa,US,22.0752,-159.319,77.2,64,0,13.8
3460005,Jaú,BR,-22.2964,-48.5578,73.92,94,94,9.75
3424607,Tasiilaq,GL,65.6145,-37.6368,26.76,86,100,28.45
2610343,Vestmanna,FO,62.1564,-7.1664,34.72,93,100,0.0
3047679,Nagykanizsa,HU,46.4535,16.991,41.61,88,100,9.53
2450173,Taoudenni,ML,22.6783,-3.9836,65.01,25,100,12.19
4021858,Guerrero Negro,MX,27.9769,-114.0611,63.0,68,2,12.3
1337610,Thinadhoo,MV,0.5333,72.9333,82.71,68,100,13.44
778707,Mehamn,NO,71.0357,27.8492,29.95,68,100,15.48
1626099,Sumenep,ID,-7.0167,113.8667,81.99,78,67,6.67
1863495,Gushikawa,JP,26.3544,127.8686,60.01,72,75,8.05
4997191,Ionia,US,42.9873,-85.0711,24.31,71,0,17.27
4969398,Lewiston,US,44.1003,-70.2148,14.16,64,7,4.61
1692364,Puro,PH,12.4841,123.3827,79.07,74,62,7.56
986717,Kruisfontein,ZA,-34.0033,24.7314,69.89,84,100,5.3
5380437,Pacific Grove,US,36.6177,-121.9166,55.08,74,0,18.01
86049,Jalu,LY,29.0331,21.5482,55.67,51,77,9.51
3372760,Praia da Vitória,PT,38.7333,-27.0667,61.05,82,75,14.25
3456880,Monte Alegre de Minas,BR,-18.8706,-48.8808,74.05,84,15,4.09
2012593,Zeya,RU,53.75,127.2667,4.35,70,46,3.13
2264557,Ponta do Sol,PT,32.6667,-17.1,60.87,65,35,7.83
286621,Salalah,OM,17.0151,54.0924,66.29,45,0,3.44
292968,Abu Dhabi,AE,24.4667,54.3667,68.02,88,0,2.3
3448903,São João da Barra,BR,-21.6403,-41.0511,75.88,91,100,12.24
1649150,Bengkulu,ID,-3.8004,102.2655,78.21,75,82,3.13
1800430,Miyang,CN,24.4042,103.4428,50.36,93,81,5.1
5847411,Kahului,US,20.8947,-156.47,77.43,67,40,17.27
1006984,East London,ZA,-33.0153,27.9116,72.59,90,100,8.32
2122090,Pevek,RU,69.7008,170.3133,-21.64,99,100,3.96
964432,Port Alfred,ZA,-33.5906,26.891,71.8,93,99,2.53
964420,Port Elizabeth,ZA,-33.918,25.5701,70.09,94,100,2.3
696280,Primorskoye,UA,47.1744,37.6927,33.85,100,18,5.79
3445026,Vila Velha,BR,-20.3297,-40.2925,73.94,97,75,4.61
2121025,Srednekolymsk,RU,67.45,153.6833,-24.2,98,97,3.85
2171722,Charters Towers,AU,-20.1,146.2667,82.38,60,84,13.38
1501118,Kuzedeyevo,RU,53.3308,87.2019,5.92,95,100,5.3
3996426,Matamoros,MX,25.5333,-103.25,76.1,25,0,5.75
535839,Leshukonskoye,RU,64.8989,45.7622,7.88,96,100,4.16
3577154,Oranjestad,AW,12.524,-70.027,78.67,79,67,21.12
201865,Nzega,RW,-2.479,29.5564,55.08,93,100,4.14
3421719,Narsaq,GL,60.9167,-46.05,1.62,69,1,8.66
2221046,Yabassi,CM,4.457,9.9682,74.23,92,27,0.89
2092164,Lorengau,PG,-2.0226,147.2712,82.53,78,89,7.63
2018735,Nyurba,RU,63.2842,118.3319,-30.06,99,78,3.38
5954718,Flin Flon,CA,54.7682,-101.865,10.33,96,100,4.79
934322,Mahébourg,MU,-20.4081,57.7,79.09,94,75,9.22
1252783,Yārāda,IN,17.65,83.2667,64.72,94,20,2.3
2109528,Buala,SB,-8.145,159.5921,85.6,69,58,4.56
2447513,Arlit,NE,18.7369,7.3853,69.17,11,0,5.35
2396518,Port-Gentil,GA,-0.7193,8.7815,80.62,80,100,11.07
1490256,Talnakh,RU,69.4865,88.3972,-17.57,83,64,4.65
3665202,Aripuanã,BR,-9.1667,-60.6333,71.44,99,23,1.19
3418910,Upernavik,GL,72.7868,-56.1549,-13.18,92,100,10.85
5557293,Sitka,US,57.0531,-135.33,42.69,81,100,8.05
233093,Kaabong,UG,3.4836,34.1492,67.86,47,100,3.06
5767918,Pierre,US,44.3683,-100.351,32.81,52,0,13.8
1106677,Bambous Virieux,MU,-20.3428,57.7575,79.05,94,75,9.22
2427336,Moussoro,TD,13.6408,16.4901,72.25,11,43,12.73
3374210,São Filipe,CV,14.8961,-24.4956,73.51,66,100,10.36
4845585,Westport,US,41.1415,-73.3579,24.42,53,0,13.8
5911745,Burns Lake,CA,54.2331,-125.7533,36.82,93,15,2.59
5919850,Chapais,CA,49.7834,-74.8492,-11.42,98,78,4.27
2449893,Tessalit,ML,20.1986,1.0114,62.91,17,20,9.55
2932069,Eichstätt,DE,48.8833,11.1833,33.67,86,75,5.75
1633419,Padang,ID,-0.9492,100.3543,77.05,79,64,2.98
4946620,Palmer,US,42.1584,-72.3287,18.59,62,20,1.01
1153072,Kantang,TH,7.4054,99.5156,77.09,100,20,0.0
5983607,Inuvik,CA,68.3499,-133.7218,-24.74,75,20,2.3
3100946,Częstochowa,PL,50.7965,19.1241,40.41,90,92,8.5
4013679,Coahuayana Viejo,MX,18.7333,-103.6833,75.31,69,0,3.04
3893726,Constitución,CL,-35.3333,-72.4167,56.93,88,50,7.31
2629833,Husavik,IS,66.0449,-17.3389,30.11,75,100,24.36
3471451,Arraial do Cabo,BR,-22.9661,-42.0278,75.74,89,63,10.67
1737486,Bintulu,MY,3.1667,113.0333,81.01,83,20,3.44
2630299,Hofn,IS,64.2539,-15.2082,36.03,93,100,30.53
1714733,Dingle,PH,10.9995,122.6711,80.58,69,100,10.07
4036284,Alofi,NU,-19.0595,-169.9187,84.09,70,75,10.36
1861280,Itoman,JP,26.1247,127.6694,62.62,63,75,14.97
2594800,Idenao,CM,4.2475,9.0047,78.04,91,91,5.1
2028164,Deputatsky,RU,69.3,139.9,-22.41,91,7,1.79
3420846,Qaqortoq,GL,60.7167,-46.0333,1.9,60,0,19.24
3491355,Black River,JM,18.0264,-77.8487,78.8,79,5,5.01
777019,Vardø,NO,70.3705,31.1107,31.08,66,92,17.65
5392171,San Jose,US,37.3394,-121.895,57.87,39,0,14.97
2120591,Tilichiki,RU,60.4667,166.1,-13.56,88,14,12.46
5554428,Ketchikan,US,55.3422,-131.6461,39.67,100,100,3.44
1154689,Ko Samui,TH,9.5357,99.9357,78.71,94,40,14.97
2141305,Fayaoué,NC,-20.65,166.5333,81.93,79,32,19.37
1282931,Patan,NP,27.6667,85.3333,44.98,93,40,3.44
2063056,Port Augusta,AU,-32.5,137.7667,77.7,58,100,19.62
113659,Tabas,IR,33.5959,56.9244,47.43,41,0,4.34
3572924,Alice Town,BS,25.7167,-79.3,71.28,64,100,28.63
4156018,Ft. Pierce,US,27.4467,-80.3256,68.23,64,100,13.8
3374333,Praia,CV,14.9215,-23.5087,72.14,68,0,21.85
2127060,Arman',RU,59.7,150.1667,5.25,73,100,11.97
2315026,Kasongo-Lunda,CD,-6.4667,16.8167,69.06,95,100,0.65
5396987,Solano,US,38.2333,-121.9511,60.44,27,0,20.71
5975004,High Level,CA,58.5169,-117.136,-3.89,71,75,8.05
4031637,Lavrentiya,RU,65.5833,-171.0,-12.01,93,46,6.35
3115824,Muros,ES,42.7762,-9.0603,55.87,89,100,15.39
3576994,Cockburn Town,TC,21.4612,-71.1419,75.16,69,40,17.27
2173911,Broken Hill,AU,-31.95,141.4333,87.46,25,100,2.75
2618795,Klaksvík,FO,62.2266,-6.589,36.52,97,100,18.39
4031574,Provideniya,RU,64.3833,-173.3,1.51,66,0,22.37
3446880,Tapes,BR,-30.6733,-51.3958,69.85,75,0,8.46
1701054,Marawi,PH,7.9986,124.2928,73.65,82,99,3.44
2014836,Tupik,RU,54.4253,119.9327,-9.35,96,93,1.68
6165406,Thompson,CA,55.7435,-97.8558,3.36,66,100,5.75
1855540,Naze,JP,28.3667,129.4833,54.52,56,56,13.73
933995,Souillac,MU,-20.5167,57.5167,79.18,94,75,9.22
3870282,Talcahuano,CL,-36.7167,-73.1167,56.88,82,100,5.75
686090,Asău,RO,46.4333,26.4,27.52,89,18,5.28
174448,Abu Kamal,SY,34.4506,40.9171,55.87,46,98,6.38
3441890,Departamento de Maldonado,UY,-34.6667,-54.9167,72.79,66,0,7.05
6089245,Norman Wells,CA,65.282,-126.8329,-27.36,68,20,2.3
2319257,Wamba,NG,8.9333,8.6,75.25,15,100,4.72
1507116,Dudinka,RU,69.4058,86.1778,-27.9,99,66,2.62
2643044,Margate,GB,51.3813,1.3862,48.72,88,100,7.0
3110986,Salou,ES,41.0766,1.1416,54.18,54,0,8.05
934649,Cap Malheureux,MU,-19.9842,57.6142,77.47,84,60,12.08
1106643,Quatre Cocos,MU,-20.2078,57.7625,77.09,85,69,9.17
1267390,Kavaratti,IN,10.5669,72.642,80.17,68,85,7.58
1002145,George,ZA,-33.963,22.4617,67.55,100,100,6.91
5866583,Saint Paul Harbor,US,57.79,-152.4072,38.71,93,100,0.0
2071860,Esperance,AU,-33.8667,121.9,69.42,52,0,1.25
4004293,Ixtapa,MX,20.7,-105.2,76.23,78,0,8.05
2015306,Tiksi,RU,71.6872,128.8694,-20.51,98,38,2.42
2027042,Batagay-Alyta,RU,67.8006,130.4114,-23.49,85,4,4.05
3514502,Xilitla,MX,21.3333,-98.9667,58.03,91,5,1.54
2015852,Svetlaya,RU,46.5389,138.3297,18.88,80,100,19.93
1855342,Nishihara,JP,26.1842,127.7558,61.88,64,75,14.97
2067089,Maningrida,AU,-12.0667,134.2667,85.15,64,100,7.61
2070998,Geraldton,AU,-28.7667,114.6,95.41,28,2,17.27
3423146,Ilulissat,GL,69.2167,-51.1,1.42,78,100,5.75
1785036,Zhangye,CN,38.9342,100.4517,24.24,46,100,0.22
6620339,Karratha,AU,-20.7377,116.8463,90.36,55,0,7.74
3441273,Paso de los Toros,UY,-32.8167,-56.5167,73.02,49,0,8.34
553169,Kandry,RU,54.5667,54.1167,15.06,99,100,6.06
218680,Boende,CD,-0.2167,20.8667,76.1,67,100,1.81
932960,Werda,BW,-25.2667,23.2833,75.04,44,79,6.29
1696177,Bahile,PH,9.9995,118.7878,82.09,63,52,2.15
2381972,Adrar,MR,20.5022,-10.0711,63.27,23,99,14.29
1277599,Balasore,IN,21.4942,86.9317,61.93,51,4,5.5
343292,Āsosa,ET,10.0667,34.5333,66.87,27,77,3.74
1529484,Kumul,CN,42.8,93.45,28.94,80,95,9.6
2126710,Beringovskiy,RU,63.05,179.3167,-12.55,93,100,15.64
780717,Båtsfjord,NO,70.6345,29.7185,28.87,74,100,15.08
648900,Lappeenranta,FI,61.0587,28.1887,33.78,99,100,12.66
64814,Bandarbeyla,SO,9.4942,50.8122,73.08,60,71,13.29
933211,Nokaneng,BW,-19.6667,22.2667,75.27,40,54,12.75
3380290,Sinnamary,GF,5.3833,-52.95,75.69,90,100,8.01
1337605,Mahibadhoo,MV,3.7833,72.9667,80.4,75,100,4.36
2126682,Bilibino,RU,68.0546,166.4372,-20.76,96,14,1.14
2180815,Tuatapere,NZ,-46.1333,167.6833,56.82,55,26,5.7
3381428,Iracoubo,GF,5.4802,-53.2011,75.52,91,100,8.59
4470244,Havelock,US,34.8791,-76.9013,38.66,77,9,3.0
336454,Ginir,ET,7.1333,40.7,58.44,42,73,4.63
1635882,Mataram,ID,-8.5833,116.1167,86.81,75,81,1.95
1496503,Noyabrsk,RU,63.1994,75.4507,-11.67,100,95,6.2
5946820,Edson,CA,53.5835,-116.4356,24.91,93,100,5.75
5367788,Lompoc,US,34.6391,-120.4579,53.33,68,0,24.16
3137469,Sørland,NO,67.667,12.6934,32.76,51,100,28.21
779330,Kautokeino,NO,69.0125,23.0412,3.29,92,87,3.96
1082243,Ambilobe,MG,-13.2,49.05,73.26,97,58,2.42
5177007,Willowick,US,41.6331,-81.4687,25.81,69,0,6.91
2065594,Mount Isa,AU,-20.7333,139.5,89.37,43,20,13.8
4034551,Faanui,PF,-16.4833,-151.75,81.61,72,19,17.65
3839479,Rafaela,AR,-31.2503,-61.4867,80.82,37,0,1.01
2123628,Magadan,RU,59.5667,150.8,4.93,72,100,11.01
2136825,Isangel,VU,-19.55,169.2667,87.91,70,40,4.61
6323121,Florianópolis,BR,-27.6146,-48.5012,70.02,70,0,5.75
2090021,Namatanai,PG,-3.6667,152.4333,80.06,82,100,2.98
3361934,Saldanha,ZA,-33.0117,17.9442,68.05,93,3,15.28
5563839,Fortuna,US,40.5982,-124.1573,50.5,77,0,18.41
3394023,Natal,BR,-5.795,-35.2094,80.82,83,20,9.22
2027296,Aykhal,RU,66.0,111.5,-29.15,100,100,5.19
2392087,Porto-Novo,BJ,6.4965,2.6036,82.22,84,28,6.93
1490058,Taseyevo,RU,57.2169,94.8978,-3.57,95,100,3.85
2120048,Ust-Nera,RU,64.5667,143.2,-22.2,87,24,1.01
2013465,Verkhoyansk,RU,67.5447,133.385,-35.19,98,49,2.13
2386756,Gamboula,CF,4.1178,15.1393,70.54,33,77,1.52
2013727,Vanavara,RU,60.34,102.2797,-12.66,99,100,2.66
2259655,Impfondo,CG,1.6381,18.0667,77.92,42,100,1.83
3115739,Narón,ES,43.5167,-8.1528,55.33,89,100,16.55
6050066,La Ronge,CA,55.1001,-105.2842,-1.95,65,40,16.11
1501000,Kyshtovka,RU,56.555,76.6271,-15.32,100,84,5.17
1799629,Nanyang,CN,32.9947,112.5328,36.05,87,100,14.2
2643123,Manchester,GB,53.4809,-2.2374,46.0,87,100,11.5
1792916,Tianpeng,CN,30.9866,103.9393,50.47,78,100,3.65
5469841,Grants,US,35.1473,-107.8514,53.83,9,0,10.36
1489853,Tazovsky,RU,67.4667,78.7,-22.95,100,89,9.01
2318123,Yenagoa,NG,4.9247,6.2642,78.13,84,2,3.49
6167817,Torbay,CA,47.6666,-52.7314,14.81,83,75,18.41
4231997,Avera,US,33.194,-82.5271,47.64,49,0,5.73
1056899,Sambava,MG,-14.2667,50.1667,76.44,90,27,4.81
2026160,Borogontsy,RU,62.6683,131.1683,-25.91,97,90,1.54
3392998,Parnamirim,BR,-5.9156,-35.2628,80.49,83,20,9.22
3393536,Olinda,BR,-8.0089,-34.8553,82.13,69,20,5.75
4018227,Ciudad de Armería,MX,18.9333,-103.9667,80.37,65,0,3.91
5870133,Nome,US,64.5011,-165.4064,-0.33,60,0,0.0
2665171,Vänersborg,SE,58.3807,12.3234,38.16,96,100,14.92
2282006,San-Pédro,CI,4.7485,-6.6363,78.13,88,44,6.64
5887916,Athabasca,CA,54.7169,-113.2854,6.19,87,100,4.92
3395458,Maragogi,BR,-9.0122,-35.2225,78.37,76,1,6.51
1785572,Yuxia,CN,34.0615,108.6291,34.41,75,96,3.18
1895695,Kushima,JP,31.4583,131.2333,46.44,53,18,12.75
2640377,Penzance,GB,50.1186,-5.5371,52.5,93,100,33.26
1831112,Kampot,KH,10.6167,104.1833,80.65,82,46,7.76
3448596,São Lourenço do Sul,BR,-31.3653,-51.9783,69.89,75,0,8.05
2807257,Wittingen,DE,52.7269,10.7361,41.76,89,100,19.91
304183,Bayir,TR,37.2687,28.2167,32.52,63,0,3.74
5711847,Astoria,US,46.1879,-123.8313,46.83,89,100,6.91
2122104,Petropavlovsk-Kamchatskiy,RU,53.0452,158.6483,27.19,46,75,17.9
2134814,Sola,VU,-13.8833,167.55,81.9,75,50,6.24
2068110,Kununurra,AU,-15.7667,128.7333,89.58,62,54,5.75
3402648,Carutapera,BR,-1.195,-46.02,76.71,90,79,6.62
1608231,Nong Khai,TH,17.9167,103.0833,73.89,65,95,7.58
542312,Krasnokumskoye,RU,44.1781,43.5019,32.85,91,100,5.08
1244926,Hambantota,LK,6.1241,81.1185,74.25,74,100,9.62
2025286,Chuguyevka,RU,44.1653,133.8633,15.12,91,100,4.88
2374583,Bubaque,GW,11.2833,-15.8333,79.38,67,0,8.14
217834,Bukama,CD,-9.2,25.85,67.44,97,100,1.92
1255619,Srīvardhan,IN,18.0333,73.0167,68.85,72,5,8.52
1495812,Ous,RU,60.9058,61.5186,12.33,96,97,4.5
2270385,Camacha,PT,33.0833,-16.3333,56.62,58,20,8.05
2121385,Severo-Kuril'sk,RU,50.6789,156.125,28.6,69,99,12.46
1260537,Pāndoh,IN,31.6833,77.05,46.63,42,0,6.71
1510689,Baykit,RU,61.67,96.37,-23.91,100,63,2.01
3188763,Trogir,HR,43.5125,16.2517,48.25,81,20,3.44
1633034,Palu,ID,-0.8917,119.8707,81.9,80,95,1.34
2344415,Duku,NG,11.2361,4.9073,77.2,12,0,5.93
1625929,Sungai Penuh,ID,-2.0833,101.3833,69.13,82,98,1.32
3899695,Ancud,CL,-41.8697,-73.8203,58.28,92,100,7.81
1859964,Kaseda-shirakame,JP,31.4167,130.3167,43.84,75,96,20.36
479198,Ulu-Telyak,RU,54.9086,56.9669,16.12,95,100,6.35
1607617,Phon,TH,15.816,102.5998,73.83,78,100,6.69
3126369,Carballo,ES,43.213,-8.691,54.16,90,100,11.01
1282256,Hithadhoo,MV,-0.6,73.0833,83.55,67,100,14.63
3939168,Huarmey,PE,-10.0681,-78.1522,72.46,79,100,9.55
2094027,Kieta,PG,-6.2167,155.6333,77.99,87,100,1.79
2112802,Hasaki,JP,35.7333,140.8333,45.81,50,42,9.73
5924351,Clyde River,CA,70.4692,-68.5914,-32.57,61,0,8.05
1242110,Kalmunai,LK,7.4167,81.8167,72.9,79,81,8.01
2123814,Leningradskiy,RU,69.3833,178.4167,-17.19,97,93,6.22
1650434,Bambanglipuro,ID,-7.95,110.2833,64.6,83,68,2.44
58933,Garoowe,SO,8.4054,48.4845,63.28,74,58,8.37
997751,Harrismith,ZA,-28.2728,29.1295,56.08,88,21,3.51
2038665,Alihe,CN,50.5667,123.7167,1.53,84,100,3.02
5959335,Gander,CA,48.9682,-54.5906,6.55,65,40,10.36
3381041,Mana,GF,5.6592,-53.7767,75.36,91,100,6.93
2409215,Mattru,SL,7.6244,-11.8332,73.2,92,2,1.43
2894342,Kade,DE,52.3833,12.2667,42.58,77,100,16.55
5117949,Freeport,US,40.6576,-73.5832,26.67,55,0,10.36
3440034,Tacuarembó,UY,-31.7333,-55.9833,70.05,40,0,4.41
3443061,Chui,UY,-33.6971,-53.4616,66.94,73,0,7.47
373303,Juba,SS,4.8517,31.5825,74.71,24,25,3.49
6111862,Port Hardy,CA,50.6996,-127.4199,44.78,76,100,6.91
2154826,Wonthaggi,AU,-38.6044,145.5913,73.2,65,100,3.42
5972762,Hay River,CA,60.8156,-115.7999,-22.02,69,20,2.3
1295765,Sittwe,MM,20.15,92.9,61.56,61,57,7.38
6144312,Sept-Îles,CA,50.2001,-66.3821,3.0,63,20,11.5
1495613,Pankrushikha,RU,53.8319,80.3406,6.76,94,100,11.65
3146487,Raudeberg,NO,61.9875,5.1352,34.02,87,98,1.99
5968992,Haileybury,CA,47.449,-79.6373,-1.62,90,100,5.17
1862505,Hirara,JP,24.8,125.2833,62.87,88,75,14.97
3461525,Ibotirama,BR,-12.1853,-43.2206,76.73,70,59,2.28
1162105,Zhob,PK,31.3411,69.4481,44.24,51,0,4.34
2515271,Las Palmas,ES,28.4204,-14.0131,59.79,67,41,25.32
2037355,Fushun,CN,41.8558,123.9233,4.71,66,58,5.03
2016170,Srednebelaya,RU,50.6594,128.0106,1.18,92,93,7.47
3446922,Tapejara,BR,-28.0681,-52.0139,63.95,51,0,6.04
140463,Birjand,IR,32.8663,59.2211,27.07,59,0,6.91
2701680,Karlstad,SE,59.3793,13.5036,36.16,100,100,11.5
1527497,Kyzyl-Suu,KG,42.3414,78.0056,18.01,87,100,6.76
1581047,Ha Tinh,VN,18.3333,105.9,64.99,88,100,3.15
1254710,Tezpur,IN,26.6333,92.8,55.38,60,0,3.27
3451051,Rio Verde de Mato Grosso,BR,-18.9181,-54.8442,79.09,67,82,1.92
5937252,Deer Lake,CA,49.1667,-57.4316,9.81,92,100,9.95
4436743,Moss Point,US,30.4116,-88.5345,55.02,65,0,5.75
1519385,Sergeevka,KZ,53.88,67.4158,5.36,95,88,11.18
4255151,Bud,US,39.447,-86.1758,38.71,69,11,9.62
3408368,Acaraú,BR,-2.8856,-40.12,79.68,76,29,12.62
2079582,Alyangula,AU,-13.8483,136.4192,86.43,62,42,8.19
1259395,Porbandar,IN,21.6422,69.6093,67.42,73,0,7.7
2165087,Gold Coast,AU,-28.0,153.4333,79.38,77,100,11.5
1280037,Shache,CN,38.4167,77.2406,31.69,43,36,2.71
1651810,Airai,TL,-8.9266,125.4092,71.35,58,7,1.54
2240449,Luanda,AO,-8.8368,13.2343,78.8,89,75,5.75
935214,Saint-Pierre,RE,-21.3393,55.4781,78.48,78,0,21.85
1492607,Severnoye,RU,56.3491,78.3619,-12.86,100,72,5.77
259796,Kineta,GR,37.9709,23.2183,47.73,86,12,1.32
3532856,Jaltenango,MX,15.8719,-92.7247,69.37,66,14,3.49
2514651,Los Llanos de Aridane,ES,28.6585,-17.9182,58.12,76,100,15.99
2294915,Takoradze,GH,4.8845,-1.7554,79.23,87,91,8.43
5329649,Blythe,US,33.6103,-114.5964,69.03,38,0,21.65
1254046,Tura,IN,25.5198,90.2201,55.63,56,0,1.99
898947,Senanga,ZM,-16.1167,23.2667,69.42,80,93,4.25
1805833,Jiexiu,CN,37.0244,111.9125,29.75,34,0,3.87
963516,Queenstown,ZA,-31.8976,26.8753,63.99,82,65,3.65
4419500,Brookhaven,US,31.5791,-90.4407,54.72,77,0,6.67
157014,Kisanga,TZ,-7.4362,37.7034,72.37,95,100,0.96
3355672,Lüderitz,NA,-26.6481,15.1594,67.26,87,1,10.63
2057087,Kupang,ID,-10.1667,123.5833,82.53,72,100,3.78
3663503,Manicoré,BR,-5.8092,-61.3003,72.3,98,100,2.62
2289549,Duekoué,CI,6.7472,-7.3496,69.94,66,8,2.73
1486321,Yar-Sale,RU,66.8333,70.8333,-13.49,97,100,10.89
543508,Kovdor,RU,67.5662,30.4758,3.33,96,100,1.07
2399001,Mayumba,GA,-3.432,10.6554,78.01,87,100,1.74
3622716,Nicoya,CR,10.1483,-85.452,80.15,60,8,13.91
4026082,Lázaro Cárdenas,MX,17.9583,-102.2,78.76,71,0,7.49
1731248,Alugan,PH,12.2188,125.4808,80.92,71,98,9.46
108410,Riyadh,SA,24.6877,46.7219,50.14,20,0,7.02
2062276,Roebourne,AU,-20.7833,117.1333,90.0,57,0,7.56
1817968,Anshun,CN,26.25,105.9333,45.03,97,100,3.06
4726521,San Patricio,US,28.017,-97.5169,64.31,76,0,14.03
3664525,Codajás,BR,-3.8367,-62.0569,72.54,99,50,2.62
3870243,Taltal,CL,-25.4,-70.4833,69.55,72,0,2.42
3460087,Jardim,BR,-21.4803,-56.1381,80.42,58,100,1.03
4513583,Hamilton,US,39.1834,-84.5333,38.41,59,0,3.44
55671,Kismayo,SO,-0.3582,42.5454,76.32,80,30,13.44
3491161,Bull Savanna,JM,17.8868,-77.5902,73.31,79,42,7.72
3521972,Panabá,MX,21.2833,-88.2667,71.33,70,98,11.7
2644726,Leatherhead,GB,51.2959,-0.3259,49.01,95,75,15.01
2132606,Samarai,PG,-10.6167,150.6667,83.41,75,100,8.16
3450144,Santa Luzia,BR,-19.7697,-43.8514,72.36,83,75,11.5
2264923,Peniche,PT,39.3558,-9.3811,48.4,91,54,8.52
3393692,Itarema,BR,-2.9248,-39.9167,79.32,77,12,11.41
3407407,Aquiraz,BR,-3.9014,-38.3911,82.49,81,16,10.07
3566235,Calabazar de Sagua,CU,22.6447,-79.8961,70.27,94,75,12.66
3108317,Tarancón,ES,40.0085,-3.0073,38.77,73,100,6.49
2965761,Carndonagh,IE,55.25,-7.2667,52.38,88,100,29.37
967476,Orkney,ZA,-26.9802,26.6727,62.15,69,7,1.99
361058,Alexandria,EG,31.2156,29.9553,55.36,76,40,9.22
1252795,Yanam,IN,16.7333,82.2167,68.4,88,3,2.98
2063039,Port Keats,AU,-14.25,129.55,85.95,56,46,5.77
5861897,Fairbanks,US,64.8378,-147.7164,0.3,77,100,5.75
638936,Rovaniemi,FI,66.5,25.7167,9.81,85,0,11.5
1622786,Makassar,ID,-5.14,119.4221,80.65,94,20,1.14
2126785,Belaya Gora,RU,68.5333,146.4167,-28.64,98,19,2.24
3430545,Morón,AR,-34.6534,-58.6198,78.55,62,0,7.83
6111867,Port Hawkesbury,CA,45.6169,-61.3485,9.77,80,100,16.11
1715010,Dicamay,PH,16.7561,122.0037,72.91,89,95,2.01
1140025,Herat Province,AF,34.5,62.0,32.65,77,0,9.55
2138285,Tadine,NC,-21.55,167.8833,81.27,81,100,15.55
6255012,Flinders,AU,-34.5833,150.8552,81.39,62,0,4.0
